trace_name,distance_km,source_depth_km,pick_err_p,pick_err_s,init_tt,refined_tt,rho_mean,rho_peak,rho_p_lag,rho_s_lag,env_p_lag,env_s_lag,p_prob_lag,s_prob_lag,gamma_p0,omega_p0,gamma_s0,omega_s0,kernel_vp,kernel_vs,vp_mean,vs_mean,vpvs_mean,vp_std_layers,vs_std_layers
109C.TA_20060723155859_EV,102.08999633789062,1.0,0.15000000000000036,0.22499999999999787,277.2186584472656,2.2376627839548746e-06,66.84674835205078,96.62926483154297,-0.7422090530395504,-2.2290683746337905,0.6845745086669925,1.3754371643066392,-0.516927337646484,-2.0788799285888686,3.3683700561523438,2.1974523067474365,0.09539812803268433,2.1004605293273926,8.001336097717285,4.51204776763916,2.296138286590576,2.207381248474121,1.3390696048736572,0.9541009664535522,1.1064114570617676
109C.TA_20070610234242_EV,100.91000366210938,8.4399995803833,0.3000000000000007,0.14999999999999858,19.147232055664062,5.911428451538086,67.278564453125,96.79734802246094,-2.0174907684326175,-2.2286933898925767,-1.4167398452758793,3.1780658721923842,-1.9423970222473148,-2.078504943847655,3.3683700561523438,2.1974523067474365,0.09539812803268433,2.1004605293273926,8.001336097717285,4.51204776763916,9.573324203491211,4.572270393371582,2.948814868927002,5.2265625,3.5150229930877686
109C.TA_20070723172934_EV,101.19000244140625,11.289999961853027,0.0,0.07499999999999929,9.925007820129395,0.3183441460132599,66.4625244140625,104.32281494140625,-0.06636438369750941,-2.0797241210937507,1.6607946395874027,0.17309112548828054,-1.7935234069824215,-2.1548183441162116,3.3683700561523438,2.1974523067474365,0.09539812803268433,2.1004605293273926,8.001336097717285,4.51204776763916,7.669039249420166,3.869570255279541,2.486708164215088,4.211879253387451,2.761124610900879
109C.TA_20070728222626_EV,60.20000076293945,6.369999885559082,0.22499999999999964,0.15000000000000036,46.665069580078125,14.677271842956543,66.13273620605469,114.98433685302734,3.6896434783935543,-2.158479690551758,-0.06505050659179723,0.9203681945800781,3.5394550323486325,-1.5577287673950195,3.3683700561523438,2.1974523067474365,0.09539812803268433,2.1004605293273926,8.001336097717285,4.51204776763916,9.417590141296387,4.641441345214844,2.868863582611084,5.065058708190918,3.3836162090301514
109C.TA_20070831232704_EV,102.66999816894531,7.590000152587891,0.0,0.07499999999999929,0.9840385317802429,0.2825818657875061,69.07125091552734,81.08219909667969,-1.4204944610595707,-2.0813211441040025,1.8085418701171871,1.0726219177246108,-1.8710576534271244,-2.231508636474608,3.3683700561523438,2.1974523067474365,0.09539812803268433,2.1004605293273926,8.001336097717285,4.51204776763916,8.969849586486816,4.410653591156006,2.9210550785064697,4.772263526916504,3.284790277481079
109C.TA_20070904094710_EV,92.9000015258789,4.710000038146973,0.0,0.07500000000000107,45.60901641845703,45.605499267578125,65.36376953125,109.47206115722656,-0.9712453842163087,-2.233854675292969,-0.7459636688232423,2.572152709960937,-1.196527099609375,-2.233854675292969,3.3683700561523438,2.1974523067474365,0.09539812803268433,2.1004605293273926,8.001336097717285,4.51204776763916,5.152827262878418,2.672607660293579,1.9296811819076538,1.5028010606765747,0.7816081047058105
109C.TA_20070909141011_EV,25.950000762939453,9.6899995803833,0.07499999999999929,0.07499999999999929,76.06324768066406,13.242433547973633,66.50928497314453,91.86597442626953,0.23654556274414062,-1.3360141754150394,-1.4906134605407715,2.043209648132324,-2.1664581298828125,-1.3360141754150394,3.3683700561523438,2.1974523067474365,0.09539812803268433,2.1004605293273926,8.001336097717285,4.51204776763916,3.3798975944519043,1.7511560916900635,1.9795124530792236,1.5101265907287598,0.8106842041015625
109C.TA_20071010024825_EV,107.47000122070312,5.840000152587891,0.15000000000000036,0.15000000000000213,27.299026489257812,27.29900550842285,66.92786407470703,93.65790557861328,-1.943710899353027,-1.8526607513427749,2.1113580703735355,3.3288158416748033,-1.4180541992187496,-0.8764396667480483,3.3683700561523438,2.1974523067474365,0.09539812803268433,2.1004605293273926,8.001336097717285,4.51204776763916,5.149050712585449,2.6676266193389893,1.9318740367889404,1.5061111450195312,0.782421350479126
109C.TA_20080202071821_EV,106.18000030517578,5.480000019073486,0.44999999999999973,0.0,66.58384704589844,2.6429916033521295e-07,65.73934936523438,125.0860595703125,-0.22030673027038583,-1.781414413452147,3.5343865394592284,0.6215892791748061,-0.3704944610595704,-1.856508636474608,3.3683700561523438,2.1974523067474365,0.09539812803268433,2.1004605293273926,8.001336097717285,4.51204776763916,6.245284080505371,3.2422282695770264,1.925236463546753,1.3873100280761719,0.6993868350982666
109C.TA_20080623064635_EV,84.55000305175781,14.270000457763672,0.0,0.0,23.745487213134766,0.006454729475080967,66.6156997680664,101.20281982421875,-1.5682416915893551,-2.1566961288452156,3.16267147064209,3.250062179565429,-1.6433354377746578,-1.7812269210815437,3.3683700561523438,2.1974523067474365,0.09539812803268433,2.1004605293273926,8.001336097717285,4.51204776763916,6.07715368270874,3.724027156829834,2.0248892307281494,3.659430503845215,2.5953755378723145
109C.TA_20080623083348_EV,100.5199966430664,16.18000030517578,0.0,0.07499999999999929,59.57762145996094,0.0021217865869402885,65.77737426757812,106.91095733642578,-2.2415523529052734,-2.0766281127929673,3.3153934478759766,-1.9264396667480455,-2.2415523529052734,-1.4758762359619126,3.3683700561523438,2.1974523067474365,0.09539812803268433,2.1004605293273926,8.001336097717285,4.51204776763916,5.617680072784424,3.469731092453003,1.9650461673736572,3.5474119186401367,2.495950698852539
109C.TA_20111030211354_EV,76.80000305175781,14.289999961853027,0.0,0.07500000000000107,3.485328435897827,0.17223985493183136,66.27192687988281,98.51200866699219,-1.345400714874268,-1.8602632522583011,3.4606071472167965,1.0683971405029293,-1.5706821918487552,-2.235732460021973,3.3683700561523438,2.1974523067474365,0.09539812803268433,2.1004605293273926,8.001336097717285,4.51204776763916,4.527853965759277,2.389108657836914,1.9584267139434814,1.6567002534866333,0.9719361066818237
109C.TA_20130304231751_EV,124.37999725341797,15.960000038146973,0.15000000000000036,0.07499999999999929,50.08637619018555,0.7107505202293396,66.90359497070312,100.20967864990234,-1.3416460990905765,-2.0738109588623033,1.2115455627441403,-0.7221225738525376,-1.7922090530395511,-2.223999404907225,3.3683700561523438,2.1974523067474365,0.09539812803268433,2.1004605293273926,8.001336097717285,4.51204776763916,7.595686435699463,4.339422702789307,2.544950485229492,4.634896278381348,3.4703307151794434
109C.TA_20130603190424_EV,142.72000122070312,13.699999809265137,0.15000000000000036,0.07499999999999929,43.609031677246094,4.009908199310303,69.51764678955078,82.99327850341797,2.937389755249024,0.6313503265380866,-1.0425845146179196,3.2596366882324226,1.8109821319580082,-1.1709014892578118,3.3683700561523438,2.1974523067474365,0.09539812803268433,2.1004605293273926,8.001336097717285,4.51204776763916,9.436148643493652,4.970185279846191,4.309249401092529,5.533215522766113,4.572366714477539
109C.TA_20130617002306_EV,60.68000030517578,6.300000190734863,0.07500000000000018,0.07500000000000107,3.9545671939849854,0.0039320955984294415,66.7261962890625,98.12666320800781,3.6858879089355465,-1.5617650985717777,0.2315708160400387,2.418209648132324,-1.270306730270386,-1.8621400833129886,3.3683700561523438,2.1974523067474365,0.09539812803268433,2.1004605293273926,8.001336097717285,4.51204776763916,4.487366676330566,2.3800740242004395,2.020113706588745,1.854231595993042,1.0820295810699463
109C.TA_20130816035349_EV,111.56999969482422,8.970000267028809,0.07499999999999973,0.07499999999999929,1.8504714965820312,0.5713940858840942,67.30107879638672,98.27388000488281,0.6057256698608398,-2.0815086364746094,-2.097653365135193,1.0724334716796875,-0.8210576534271241,-1.856226921081543,3.3683700561523438,2.1974523067474365,0.09539812803268433,2.1004605293273926,8.001336097717285,4.51204776763916,5.519712448120117,2.8395493030548096,1.9370276927947998,1.4396370649337769,0.7132683992385864
109C.TA_20130827135719_EV,180.1699981689453,16.770000457763672,0.07500000000000018,0.07499999999999929,40.92524337768555,0.1988784819841385,66.744140625,121.74588775634766,0.9086356163024902,-0.5660209655761719,0.8335418701171875,-1.3920536041259766,0.983729362487793,-1.3920536041259766,3.3683700561523438,2.1974523067474365,0.09539812803268433,2.1004605293273926,8.001336097717285,4.51204776763916,9.257156372070312,4.899684429168701,4.442129611968994,5.473245620727539,4.5249199867248535
109C.TA_20140115093533_EV,142.7100067138672,10.710000038146973,0.0,0.4499999999999993,20.33162498474121,1.6880292892456055,68.81822967529297,96.62129974365234,0.158917331695557,-1.5445880889892578,3.613234901428223,2.3602943420410156,-2.018805122375488,-1.4694938659667969,3.3683700561523438,2.1974523067474365,0.09539812803268433,2.1004605293273926,8.001336097717285,4.51204776763916,9.709423065185547,4.182633399963379,3.4069747924804688,5.300835609436035,3.685319423675537
109C.TA_20140401183059_EV,136.7899932861328,15.600000381469727,0.07500000000000018,0.07499999999999929,29.328516006469727,0.19962401688098907,67.48046112060547,104.04026794433594,2.5607004165649414,-2.224374389648439,-1.9449310302734375,3.25747718811035,-1.5694618225097656,-1.923999404907228,3.3683700561523438,2.1974523067474365,0.09539812803268433,2.1004605293273926,8.001336097717285,4.51204776763916,8.585128784179688,4.657512664794922,3.247404098510742,5.067286968231201,4.0392866134643555
109C.TA_20140705165948_EV,155.1199951171875,14.800000190734863,0.0,0.07499999999999929,70.01239013671875,9.225305557250977,68.05645751953125,99.31352996826172,-2.2415523529052734,-2.2189304351806634,1.5882349014282227,-0.26649017333984304,-2.1664581298828125,-0.1913959503173821,3.3683700561523438,2.1974523067474365,0.09539812803268433,2.1004605293273926,8.001336097717285,4.51204776763916,9.350221633911133,4.973708152770996,3.9007389545440674,5.607786655426025,4.546855926513672
109C.TA_20140709214817_EV,111.8499984741211,15.350000381469727,0.0,0.0,9.184799194335938,0.006674403324723244,66.80713653564453,102.9781723022461,-1.345400714874268,-2.2301010131835923,-1.9461516380310062,3.1766582489013686,-1.1952127456665043,-2.2301010131835923,3.3683700561523438,2.1974523067474365,0.09539812803268433,2.1004605293273926,8.001336097717285,4.51204776763916,7.796098232269287,4.337689399719238,2.812034845352173,4.452266216278076,3.498993396759033
109C.TA_20140818045614_EV,162.08999633789062,11.210000038146973,0.07500000000000018,0.4499999999999993,5.28599214553833,5.284915447235107,66.57206726074219,100.12600708007812,-1.1176782608032223,-1.9949630737304673,-0.2916460990905758,2.210294342041017,-1.8686171531677243,-2.2202438354492173,3.3683700561523438,2.1974523067474365,0.09539812803268433,2.1004605293273926,8.001336097717285,4.51204776763916,5.1481733322143555,2.6758968830108643,1.925562858581543,1.4997241497039795,0.7816785573959351
109C.TA_20150125181023_EV,64.04000091552734,17.8799991607666,0.0,0.14999999999999858,0.5502294301986694,0.37792569398880005,67.05037689208984,86.74402618408203,-1.0463391304016114,-2.012891006469726,-2.2478410959243775,-2.087985229492187,-0.9712453842163087,-1.8627035140991204,3.3683700561523438,2.1974523067474365,0.09539812803268433,2.1004605293273926,8.001336097717285,4.51204776763916,5.02849817276001,2.6005053520202637,1.9398574829101562,1.5200281143188477,0.8003847002983093
109C.TA_20150207140607_EV,89.12999725341797,18.84000015258789,0.07499999999999973,0.0,2.2833733558654785,2.105363607406616,65.53929138183594,114.37410736083984,-0.8210576534271241,-2.009512329101563,-0.6708699226379395,2.2708374023437496,-0.9712453842163087,-2.084606552124024,3.3683700561523438,2.1974523067474365,0.09539812803268433,2.1004605293273926,8.001336097717285,4.51204776763916,4.829138278961182,2.5151679515838623,1.9401108026504517,1.5502644777297974,0.8509387373924255
112A.TA_20080224070049_EV,68.5199966430664,13.289999961853027,0.15000000000000036,0.14999999999999858,49.203460693359375,0.06178417429327965,69.09102630615234,110.74229431152344,0.4606071472167965,1.4479026794433594,-2.242772483825684,-1.0301942825317383,-0.9661764144897464,1.2977161407470703,3.3683700561523438,2.1974523067474365,0.09539812803268433,2.1004605293273926,8.001336097717285,4.51204776763916,5.590558052062988,3.493157148361206,1.889357328414917,3.452316999435425,2.3663296699523926
112A.TA_20080602045935_EV,107.80000305175781,10.789999961853027,0.07499999999999929,0.07499999999999929,45.105316162109375,4.218229293823242,69.16424560546875,92.66573333740234,3.615769386291504,0.32844085693359304,3.3904876708984375,-0.8730609893798835,3.690863609313965,-0.7228725433349616,3.3683700561523438,2.1974523067474365,0.09539812803268433,2.1004605293273926,8.001336097717285,4.51204776763916,8.617142677307129,4.1209330558776855,2.7412667274475098,4.792356967926025,3.145575761795044
119A.TA_20070915052634_EV,101.37999725341797,10.0,0.07500000000000018,2.3999999999999986,51.2841911315918,1.8321826457977295,67.45565795898438,94.16725158691406,-0.4418335914611813,-1.8520030975341797,-1.4180541992187496,2.2781600952148438,-0.7422090530395504,-1.8520030975341797,3.3683700561523438,2.1974523067474365,0.09539812803268433,2.1004605293273926,8.001336097717285,4.51204776763916,8.803193092346191,3.999924898147583,3.042555570602417,4.805173873901367,3.2202110290527344
154A.N4_20180623135511_EV,67.18000030517578,12.34000015258789,0.07499999999999973,0.07499999999999929,0.9197593331336975,0.5694575309753418,68.3701400756836,108.49410247802734,2.0325092315673827,-2.0876102447509766,-0.9712453842163087,2.4180221557617188,3.684574508666992,-0.8110141754150391,3.3683700561523438,2.1974523067474365,0.09539812803268433,2.1004605293273926,8.001336097717285,4.51204776763916,4.694519996643066,2.4681332111358643,1.9505491256713867,1.636232852935791,0.9491895437240601
158A.TA_20130907185742_EV,22.8799991607666,1.0,2.025,0.07500000000000018,33.63666915893555,4.274907041690312e-06,69.3064193725586,94.295654296875,1.8823217391967773,1.511076354980469,-1.872371768951416,0.459762001037598,0.004974746704101474,0.9103254318237308,3.3683700561523438,2.1974523067474365,0.09539812803268433,2.1004605293273926,8.001336097717285,4.51204776763916,2.371608257293701,2.339395523071289,1.047587513923645,0.92168128490448,0.9759311676025391
158A.TA_20140319223758_EV,29.790000915527344,12.779999732971191,0.07499999999999929,0.07500000000000107,68.65342712402344,11.018506050109863,67.64401245117188,98.52499389648438,3.615769386291504,-0.6592306137084964,-0.8147687911987305,2.719993209838867,0.1614513397216797,0.8426471710205075,3.3683700561523438,2.1974523067474365,0.09539812803268433,2.1004605293273926,8.001336097717285,4.51204776763916,3.5193514823913574,1.8314214944839478,1.9988880157470703,1.578649640083313,0.8770073652267456
199.ZQ_20020206201708_EV,27.170000076293945,14.0,0.0,0.0,21.656841278076172,3.714465618133545,68.62183380126953,96.56390380859375,1.4350437164306644,0.914361763000489,0.9093865394592289,-1.1131727218627923,1.209762001037598,-0.8127977371215813,3.3683700561523438,2.1974523067474365,0.09539812803268433,2.1004605293273926,8.001336097717285,4.51204776763916,3.897737979888916,1.9945080280303955,1.9683746099472046,1.454852819442749,0.765031099319458
266.X2_20060422205529_EV,86.45999908447266,15.0,0.0,0.07499999999999929,16.164701461791992,0.005307880695909262,66.80679321289062,96.05915069580078,-1.4936171531677243,-2.2325412750244134,1.1346682548522953,0.8463066101074226,-1.568710899353027,-2.2325412750244134,3.3683700561523438,2.1974523067474365,0.09539812803268433,2.1004605293273926,8.001336097717285,4.51204776763916,5.71453857421875,3.511240005493164,2.0421223640441895,3.341813325881958,2.4255788326263428
A04A.TA_20050509065027_EV,25.309999465942383,17.059999465942383,0.07500000000000018,0.07499999999999929,0.1036342978477478,0.0068691810593008995,68.7825698852539,104.1133041381836,2.1076029777526855,-2.017397022247314,0.38044395446777335,1.06145133972168,-2.2478410959243775,-1.9423032760620114,3.3683700561523438,2.1974523067474365,0.09539812803268433,2.1004605293273926,8.001336097717285,4.51204776763916,4.939433574676514,2.570207118988037,1.920729398727417,1.4690510034561157,0.7564281225204468
A04A.TA_20051003144608_EV,46.75,11.729999542236328,0.07499999999999929,0.15000000000000036,24.948959350585938,2.4786744117736816,69.16718292236328,93.2083740234375,3.312859916687012,-1.2602632522583015,-0.8923970222473141,3.0200874328613274,-2.0938988685607907,0.8423654556274407,3.3683700561523438,2.1974523067474365,0.09539812803268433,2.1004605293273926,8.001336097717285,4.51204776763916,4.082991600036621,2.133730411529541,1.997213363647461,1.7209609746932983,0.9565805196762085
A04A.TA_20051003221239_EV,63.599998474121094,1.0,0.0,0.07499999999999929,167.38246154785156,2.429284222671413e-06,69.0105972290039,98.47816467285156,-0.36673984527587855,-1.9331979751586914,-2.1689926147460934,0.7701816558837891,-0.8923970222473141,-1.9331979751586914,3.3683700561523438,2.1974523067474365,0.09539812803268433,2.1004605293273926,8.001336097717285,4.51204776763916,2.30183744430542,2.223391056060791,1.238814115524292,0.9487965106964111,1.0829954147338867
A04D.TA_20101126030915_EV,50.959999084472656,11.020000457763672,0.07499999999999929,0.07500000000000107,64.09432983398438,0.0009893907699733973,68.68256378173828,97.82818603515625,2.7146434783935547,-1.332072067260743,0.011263847351074219,3.2486545562744134,1.4380474090576172,-1.4822595596313484,3.3683700561523438,2.1974523067474365,0.09539812803268433,2.1004605293273926,8.001336097717285,4.51204776763916,3.5564682483673096,2.472994327545166,1.5269893407821655,1.9136401414871216,1.3832143545150757
A04D.TA_20101210193428_EV,42.27000045776367,21.1299991607666,0.15000000000000036,0.07499999999999929,0.8374804854393005,0.001272369408980012,68.5435791015625,92.23462677001953,3.160231208801269,-1.3384544372558587,0.3817583084106442,1.8154876708984382,-0.06880512237548864,-2.2395812988281243,3.3683700561523438,2.1974523067474365,0.09539812803268433,2.1004605293273926,8.001336097717285,4.51204776763916,4.724723815917969,2.506540060043335,1.870192527770996,1.3440214395523071,0.64884352684021
A04D.TA_20110123171706_EV,15.399999618530273,17.15999984741211,0.15000000000000036,0.0,33.670475006103516,1.2811943634005729e-05,67.97418212890625,94.67515563964844,0.08513793945312464,-1.788172721862793,0.16023120880126918,1.8914260864257812,-0.14014425277709996,-1.487797737121582,3.3683700561523438,2.1974523067474365,0.09539812803268433,2.1004605293273926,8.001336097717285,4.51204776763916,2.4192936420440674,1.936724066734314,1.292487382888794,0.48720431327819824,0.630060076713562
A04D.TA_20120718202413_EV,32.41999816894531,11.800000190734863,0.0,0.07499999999999929,46.30082321166992,8.030051231384277,66.4184341430664,106.28156280517578,1.887389755249023,-2.0871400833129883,-1.1914581298828129,3.619993209838867,0.8360763549804684,-2.23732852935791,3.3683700561523438,2.1974523067474365,0.09539812803268433,2.1004605293273926,8.001336097717285,4.51204776763916,3.7439308166503906,1.9400230646133423,1.9796539545059204,1.5477274656295776,0.8399704098701477
A04D.TA_20120821100029_EV,39.70000076293945,50.70000076293945,0.0,0.22499999999999964,7.258988380432129,0.0013114430475980043,66.28348541259766,104.14515686035156,-0.520682191848755,-2.088360214233399,-2.0225594997406007,2.41727123260498,-1.3467145919799806,-1.1121400833129886,3.3683700561523438,2.1974523067474365,0.09539812803268433,2.1004605293273926,8.001336097717285,4.51204776763916,8.606078147888184,3.1417253017425537,2.755398988723755,0.33680811524391174,0.3035929799079895
A04D.TA_20130112070316_EV,49.380001068115234,12.789999961853027,0.3000000000000007,0.07499999999999929,5.672488212585449,0.0006499524461105466,68.68339538574219,93.33052825927734,3.535700416564941,-2.0882669448852536,2.484386539459228,1.7415203094482425,2.634574508666992,-1.6377035140991207,3.3683700561523438,2.1974523067474365,0.09539812803268433,2.1004605293273926,8.001336097717285,4.51204776763916,4.4461140632629395,2.344900369644165,1.9712852239608765,1.6942391395568848,0.9966928362846375
A04D.TA_20130311044007_EV,31.850000381469727,10.300000190734863,0.1499999999999999,0.22499999999999964,2.917316436767578,0.49018076062202454,67.39855194091797,107.02198791503906,2.4830726623535155,-2.2419273376464837,0.6057256698608398,1.8882349014282234,1.95741548538208,-2.2419273376464837,3.3683700561523438,2.1974523067474365,0.09539812803268433,2.1004605293273926,8.001336097717285,4.51204776763916,4.641103267669678,2.4021122455596924,1.942417860031128,1.5156116485595703,0.8015055060386658
A04D.TA_20130315200937_EV,14.0600004196167,13.279999732971191,39.075,0.0,1773.4810791015625,1396.461181640625,66.69573211669922,101.91179656982422,1.1339173316955566,-1.6410826683044437,-1.9449310302734375,3.2400184631347653,0.08260297775268555,-2.0916460990905765,3.3683700561523438,2.1974523067474365,0.09539812803268433,2.1004605293273926,8.001336097717285,4.51204776763916,2.0265631675720215,1.0369584560394287,1.9128530025482178,1.1129542589187622,0.5517494678497314
A04D.TA_20130712144313_EV,28.6299991607666,59.400001525878906,0.07500000000000018,0.15000000000000036,1.6611169576644897,0.00010289301280863583,68.98920440673828,95.45394897460938,-0.06880512237548864,-2.0118583679199222,2.559480285644531,3.6952758789062496,-1.4955882072448734,-2.2371400833129886,3.3683700561523438,2.1974523067474365,0.09539812803268433,2.1004605293273926,8.001336097717285,4.51204776763916,6.8986101150512695,2.9172191619873047,2.3665170669555664,0.3600933849811554,0.12619756162166595
A04D.TA_20130713065032_EV,37.77000045776367,17.5,0.07500000000000018,0.15000000000000036,41.570030212402344,4.136297225952148,66.8297119140625,99.6230697631836,2.7134223937988278,-1.4845123291015625,-2.242772483825684,3.021120071411133,1.662108993530273,-2.085263252258301,3.3683700561523438,2.1974523067474365,0.09539812803268433,2.1004605293273926,8.001336097717285,4.51204776763916,3.739360809326172,1.909092664718628,1.9886668920516968,1.4631081819534302,0.7834421396255493
A04D.TA_20130715032447_EV,24.040000915527344,53.099998474121094,0.0,0.07499999999999929,0.5264887809753418,0.00010301472502760589,68.4376449584961,92.11874389648438,3.461827278137207,-1.9362016677856442,1.734668254852295,3.0950874328613285,3.6120147705078125,-1.7860141754150387,3.3683700561523438,2.1974523067474365,0.09539812803268433,2.1004605293273926,8.001336097717285,4.51204776763916,5.614424228668213,2.614553213119507,2.2213737964630127,0.5027241110801697,0.6215139031410217
A04D.TA_20140321103004_EV,56.16999816894531,47.720001220703125,0.07500000000000018,0.15000000000000036,6.776584625244141,0.002878916449844837,67.10118103027344,106.747314453125,0.4555381774902343,-2.0118583679199222,-1.196527099609375,1.9681163787841793,-0.520682191848755,-1.7114833831787113,3.3683700561523438,2.1974523067474365,0.09539812803268433,2.1004605293273926,8.001336097717285,4.51204776763916,8.412710189819336,3.0282015800476074,2.8501811027526855,1.194758415222168,0.6014320254325867
A04D.TA_20140814134835_EV,95.58999633789062,9.819999694824219,0.375,0.15000000000000213,14.49781608581543,1.0307544469833374,68.68438720703125,93.8373794555664,-1.1927724838256832,-1.9290683746337898,-2.0938988685607907,-1.8539741516113288,-1.5682416915893551,-1.6286933898925788,3.3683700561523438,2.1974523067474365,0.09539812803268433,2.1004605293273926,8.001336097717285,4.51204776763916,8.418939590454102,4.101414680480957,2.723907470703125,4.584537506103516,3.0342445373535156
A04D.TA_20141101195758_EV,51.33000183105469,8.5,0.0,0.0,1.7871575355529785,0.08451201021671295,66.2099609375,117.4979248046875,3.684574508666992,-2.2394870758056644,-1.1214331150054933,2.9419895172119137,3.083823585510254,-0.9628910064697269,3.3683700561523438,2.1974523067474365,0.09539812803268433,2.1004605293273926,8.001336097717285,4.51204776763916,4.572358131408691,2.4077558517456055,1.9710763692855835,1.6894387006759644,0.9667636752128601
A04D.TA_20150120031404_EV,189.3000030517578,28.190000534057617,0.375,0.22500000000000142,23.98159408569336,0.08170732110738754,68.49911499023438,88.36650848388672,-1.1952127456665043,-1.6955265045166001,0.006289100646972301,1.1580406188964858,-1.1201189994812015,-1.6955265045166001,3.3683700561523438,2.1974523067474365,0.09539812803268433,2.1004605293273926,8.001336097717285,4.51204776763916,8.158056259155273,4.687727928161621,3.8792483806610107,4.845107078552246,4.56938362121582
A04D.TA_20150217160210_EV,30.6299991607666,11.180000305175781,1.2000000000000002,0.375,22.707149505615234,9.83176040649414,67.07625579833984,99.31578826904297,2.110137939453125,-1.7898620605468754,-0.7434291839599609,0.3127656936645504,0.9086356163024902,-1.4143928527832035,3.3683700561523438,2.1974523067474365,0.09539812803268433,2.1004605293273926,8.001336097717285,4.51204776763916,4.213878631591797,2.179346799850464,1.9567638635635376,1.5207135677337646,0.8159529566764832
A04D.TA_20150529005521_EV,37.369998931884766,55.439998626708984,0.0,0.0,1.0412713289260864,1.272689587494824e-05,65.7462387084961,121.81321716308594,3.6871089935302734,-2.0857324600219727,-1.118898868560791,0.7678346633911133,3.6120147705078125,-2.0857324600219727,3.3683700561523438,2.1974523067474365,0.09539812803268433,2.1004605293273926,8.001336097717285,4.51204776763916,5.532405376434326,2.5762577056884766,2.1536059379577637,0.8195790648460388,0.4215673506259918
A04D.TA_20150624203300_EV,34.9900016784668,16.510000228881836,0.22499999999999964,0.15000000000000036,10.01022720336914,1.068023681640625,66.9845199584961,104.69483184814453,2.5607004165649414,-2.164112091064453,-0.5181479454040527,3.467927932739258,2.1852312088012695,-2.2392053604125977,3.3683700561523438,2.1974523067474365,0.09539812803268433,2.1004605293273926,8.001336097717285,4.51204776763916,4.247241973876953,2.189412832260132,1.9465652704238892,1.4556498527526855,0.7619500756263733
A04D.TA_20150703031151_EV,26.1299991607666,25.469999313354492,0.0,0.07499999999999929,2.7090091705322266,8.054907084442675e-05,67.13349914550781,99.97856140136719,2.8585418701171874,-1.6414581298828121,0.9061011314392089,-2.1671153068542477,2.0325092315673827,-2.092021560668945,3.3683700561523438,2.1974523067474365,0.09539812803268433,2.1004605293273926,8.001336097717285,4.51204776763916,6.418709754943848,3.0937812328338623,2.0884881019592285,0.23058579862117767,0.29898735880851746
A04D.TA_20150717042936_EV,26.670000076293945,25.309999465942383,0.0,0.0,0.1719704568386078,0.00020145843154750764,67.19776153564453,107.12751007080078,3.0100437164306637,-1.339956283569336,-1.1952127456665043,1.0630474090576172,2.2591048240661618,-2.2410826683044434,3.3683700561523438,2.1974523067474365,0.09539812803268433,2.1004605293273926,8.001336097717285,4.51204776763916,5.073346138000488,2.8124032020568848,1.8226877450942993,0.23528645932674408,0.330877423286438
A04D.TA_20150912085107_EV,43.619998931884766,16.25,0.0,0.14999999999999858,57.25896453857422,7.987172603607178,69.40372467041016,87.85230255126953,3.3153934478759766,-2.0091363906860344,0.1614513397216797,2.7217758178710945,1.6633291244506836,-2.234418106079101,3.3683700561523438,2.1974523067474365,0.09539812803268433,2.1004605293273926,8.001336097717285,4.51204776763916,3.6502699851989746,1.8829593658447266,1.9781553745269775,1.4983446598052979,0.812039852142334
A04D.TA_20151124001823_EV,22.510000228881836,19.920000076293945,0.8250000000000002,0.07500000000000107,18.910633087158203,2.121425495715812e-05,68.24917602539062,102.14973449707031,2.0362638473510746,-1.563736152648925,-2.0938988685607907,-0.3622343063354485,-0.8923970222473141,-2.2395812988281243,3.3683700561523438,2.1974523067474365,0.09539812803268433,2.1004605293273926,8.001336097717285,4.51204776763916,2.7738611698150635,2.032618999481201,1.3544615507125854,0.5769227743148804,0.2797365188598633
A04D.TA_20160215004838_EV,6.840000152587891,17.65999984741211,0.07499999999999929,0.07499999999999929,49.28095245361328,0.0001560734090162441,65.6342544555664,119.53312683105469,-0.4392995834350586,-2.012891006469726,2.1138916015625,1.6667078018188484,-2.016270637512207,-1.5623285293579094,3.3683700561523438,2.1974523067474365,0.09539812803268433,2.1004605293273926,8.001336097717285,4.51204776763916,2.2456870079040527,1.5983985662460327,1.3802416324615479,0.8439310193061829,0.4763672649860382
A05A.TA_20070618104955_EV,57.77000045776367,3.619999885559082,0.07500000000000018,0.15000000000000036,3.5314884185791016,3.5314884185791016,68.17402648925781,100.52677154541016,-1.794743537902832,-1.5599815368652337,-0.7434291839599609,-2.160732460021972,3.386733055114746,-1.7101690292358391,3.3683700561523438,2.1974523067474365,0.09539812803268433,2.1004605293273926,8.001336097717285,4.51204776763916,5.15142822265625,2.661797046661377,1.9370086193084717,1.5116719007492065,0.7832114100456238
A05A.TA_20071001034523_EV,22.850000381469727,19.420000076293945,0.15000000000000036,0.07500000000000107,45.4389762878418,0.00023922343098092824,66.97073364257812,102.63951873779297,2.4142675399780273,-1.2607324600219734,-2.0913643836975098,0.691707801818847,-1.941176414489746,-1.7112958908081062,3.3683700561523438,2.1974523067474365,0.09539812803268433,2.1004605293273926,8.001336097717285,4.51204776763916,2.502195119857788,1.7788200378417969,1.3924261331558228,0.6612619161605835,0.18085043132305145
A05A.TA_20080124195414_EV,11.039999961853027,1.0,0.0,0.07500000000000107,113.97233581542969,9.172254067379981e-07,68.16609191894531,93.88134002685547,0.08635807037353516,-1.9386419296264652,-2.0913643836975098,-1.2627977371215824,-2.0913643836975098,0.16398582458496058,3.3683700561523438,2.1974523067474365,0.09539812803268433,2.1004605293273926,8.001336097717285,4.51204776763916,2.2110800743103027,2.1911745071411133,1.0433645248413086,0.9896849989891052,1.0231519937515259
A05A.TA_20080905120343_EV,15.5,11.329999923706055,0.07500000000000018,0.0,7.42739200592041,0.0006186404498293996,67.72529602050781,97.06893157958984,0.2315708160400387,-2.1684291839599608,-1.4204944610595707,1.436076354980469,-1.1952127456665043,-1.8680541992187498,3.3683700561523438,2.1974523067474365,0.09539812803268433,2.1004605293273926,8.001336097717285,4.51204776763916,3.0509114265441895,1.984935998916626,1.523348093032837,0.7575652599334717,0.14503687620162964
A05A.TA_20081109091527_EV,39.66999816894531,9.5600004196167,0.07500000000000018,0.0,30.891845703125,0.21450644731521606,67.19678497314453,105.40290832519531,3.4630474090576175,-1.5619525909423828,-1.6433354377746578,2.2678346633911133,1.4355129241943363,-1.7872343063354492,3.3683700561523438,2.1974523067474365,0.09539812803268433,2.1004605293273926,8.001336097717285,4.51204776763916,2.8316991329193115,2.3311684131622314,1.273665428161621,0.44466710090637207,0.672692060470581
A06A.TA_20070509024901_EV,98.33999633789062,8.119999885559082,0.07499999999999929,0.07499999999999929,1.0473285913467407,0.3339369595050812,68.34113311767578,90.29468536376953,0.832321739196777,-1.105945205688478,-1.8710576534271244,0.3208374023437486,-0.5193680763244632,-0.9557577133178725,3.3683700561523438,2.1974523067474365,0.09539812803268433,2.1004605293273926,8.001336097717285,4.51204776763916,8.899492263793945,4.369877815246582,2.8728132247924805,4.739637851715088,3.246114730834961
A06A.TA_20070929194234_EV,39.86000061035156,1.0,0.07500000000000018,0.07499999999999929,75.051513671875,4.4768667066819035e-06,66.6521987915039,126.04194641113281,2.335418701171875,-2.0887361526489254,-2.095118999481201,3.5433038711547855,-1.494368076324463,-2.238923645019531,3.3683700561523438,2.1974523067474365,0.09539812803268433,2.1004605293273926,8.001336097717285,4.51204776763916,2.3811116218566895,2.302576780319214,1.1722888946533203,0.9209570288658142,1.0552479028701782
A07A.TA_20071213224354_EV,62.34000015258789,6.849999904632568,0.07499999999999929,0.0,23.089431762695312,5.709385871887207,67.45953369140625,112.35748291015625,3.688329124450684,1.4448057174682614,3.613234901428223,-0.8831047058105472,-1.6433354377746578,1.519898986816406,3.3683700561523438,2.1974523067474365,0.09539812803268433,2.1004605293273926,8.001336097717285,4.51204776763916,8.923893928527832,4.458149433135986,2.7124245166778564,4.7958455085754395,3.1651575565338135
A08A.TA_20070328100724_EV,60.7400016784668,1.0,0.0,0.07499999999999929,158.9600830078125,2.450241481710691e-06,67.46473693847656,98.04661560058594,-1.7935234069824215,0.7697114944458008,1.2102312088012699,0.8448057174682617,-1.6433354377746578,0.24405479431152344,3.3683700561523438,2.1974523067474365,0.09539812803268433,2.1004605293273926,8.001336097717285,4.51204776763916,2.3053951263427734,2.2286086082458496,1.2280524969100952,0.9508010745048523,1.0821181535720825
A12A.TA_20070219062321_EV,108.6500015258789,10.0,0.07499999999999929,0.0,8.089591026306152,1.55960214138031,67.2040786743164,97.77664947509766,3.5381416320800785,-2.003693389892579,0.5343865394592289,0.924967956542968,-0.592021560668945,-2.228974151611329,3.3683700561523438,2.1974523067474365,0.09539812803268433,2.1004605293273926,8.001336097717285,4.51204776763916,8.910090446472168,4.306647300720215,2.8042685985565186,4.8695387840271,3.2695326805114746
A13A.TA_20081115010440_EV,94.66999816894531,10.0,0.07500000000000018,0.07499999999999929,0.9301748871803284,0.4429744482040405,67.26646423339844,111.3661880493164,2.182696723937988,-2.2343248367309574,1.58194580078125,-1.1830104827880863,1.7321337699890136,-1.7837614059448246,3.3683700561523438,2.1974523067474365,0.09539812803268433,2.1004605293273926,8.001336097717285,4.51204776763916,5.416960716247559,2.7920784950256348,1.9354159832000732,1.462321400642395,0.7366544604301453
A14A.TA_20080103132822_EV,56.720001220703125,10.0,0.07499999999999973,0.8250000000000011,6.047969341278076,0.799087643623352,66.93263244628906,114.43234252929688,-0.44558820724487314,-2.0127035140991207,2.0325092315673827,3.394054794311524,-0.896151638031006,-2.237985229492187,3.3683700561523438,2.1974523067474365,0.09539812803268433,2.1004605293273926,8.001336097717285,4.51204776763916,4.438992977142334,2.3267693519592285,2.0370240211486816,1.8122650384902954,1.046575665473938
A14A.TA_20090529181612_EV,92.48999786376953,10.0,0.0,0.22500000000000142,4.077484607696533,0.03208789974451065,68.88463592529297,78.68931579589844,0.3817583084106442,-2.2321653366088867,2.7847620010375973,-1.7065086364746094,-1.7208699226379398,2.573841094970703,3.3683700561523438,2.1974523067474365,0.09539812803268433,2.1004605293273926,8.001336097717285,4.51204776763916,7.912280082702637,3.888874053955078,2.730931520462036,4.1911211013793945,2.832411527633667
AA12.GM_20170605003145_EV,2.9000000953674316,1.0,0.15000000000000036,0.4499999999999993,125.90032958984375,1.035518835124094e-06,66.67900085449219,106.1492691040039,-2.1664581298828125,-2.0157072067260735,1.88861083984375,1.4386108398437507,-2.1664581298828125,-2.24098892211914,3.3683700561523438,2.1974523067474365,0.09539812803268433,2.1004605293273926,8.001336097717285,4.51204776763916,2.215280532836914,2.2133731842041016,1.0034133195877075,0.9864198565483093,0.9896048307418823
